"CategoryID","CategoryName","Description","Picture"
"1","Beverages","Soft drinks, coffees, teas, beers, and ales","unknown_value_please_contact_support"
"2","Condiments","Sweet and savory sauces, relishes, spreads, and seasonings","unknown_value_please_contact_support"
"3","Confections","Desserts, candies, and sweet breads","unknown_value_please_contact_support"
"4","Dairy Products","Cheeses","unknown_value_please_contact_support"
"5","Grains/Cereals","Breads, crackers, pasta, and cereal","unknown_value_please_contact_support"
"6","Meat/Poultry","Prepared meats","unknown_value_please_contact_support"
"7","Produce","Dried fruit and bean curd","unknown_value_please_contact_support"
"8","Seafood","Seaweed and fish","unknown_value_please_contact_support"
